t_ms,phi_x_deg,phi_y_deg,phi_z_deg,om_x_dps,om_y_dps,om_z_dps,rho_x,rho_y,rho_z,rho_x_lp,rho_y_lp,rho_z_lp,tau_x,tau_y,tau_z,tau_cmd_x,tau_cmd_y,tau_cmd_z,armed,gain_scale
31551.0,-0.4502,-0.106,0.5535,-5.244,-3.497,-4.921,0.007,0.001,-0.005,0.0,-0.0,0.0,-0.10643,6e-05,0.10684,0.0,0.0,0.0,0.0,1.0
31558.0,-0.4499,-0.1058,0.553,-5.073,-3.348,-5.029,0.003,-0.005,-0.003,0.0,-0.0,0.0,-0.10422,0.00144,0.10234,0.0,0.0,0.0,0.0,1.0
31566.0,-0.4488,-0.1043,0.5505,-5.143,-3.591,-4.927,0.001,0.009,0.002,0.0,-0.0,0.0,-0.1046,-0.00075,0.10701,0.0,0.0,0.0,0.0,1.0
31573.0,-0.4474,-0.1052,0.5499,-5.278,-3.448,-5.042,0.006,0.015,0.009,0.0,-0.0,0.0,-0.10595,0.00466,0.10606,0.0,0.0,0.0,0.0,1.0
31580.0,-0.4453,-0.1078,0.5505,-5.219,-3.776,-5.196,0.001,-0.001,0.002,0.0,-0.0,0.0,-0.10102,-0.00351,0.10477,0.0,0.0,0.0,0.0,1.0
31587.0,-0.4447,-0.1068,0.5488,-5.438,-3.729,-5.235,0.002,0.006,-0.002,0.0,-0.0,0.0,-0.10456,0.00082,0.10469,0.0,0.0,0.0,0.0,1.0
31595.0,-0.4421,-0.1142,0.5534,-5.253,-3.857,-5.187,0.001,0.002,-0.006,0.0,-0.0,0.0,-0.10027,-0.00561,0.10516,0.0,0.0,0.0,0.0,1.0
31602.0,-0.4406,-0.1139,0.5517,-5.437,-3.775,-5.19,0.006,0.004,-0.003,0.0,-0.0,0.0,-0.10295,-0.00224,0.10611,0.0,0.0,0.0,0.0,1.0
31609.0,-0.4397,-0.1143,0.5511,-5.621,-3.521,-5.366,-0.003,-0.007,-0.001,0.0,-0.0,0.0,-0.10795,0.00363,0.10304,0.0,0.0,0.0,0.0,1.0
31617.0,-0.4399,-0.1135,0.5505,-5.746,-3.68,-5.61,0.007,0.003,-0.005,0.0,-0.0,0.0,-0.10498,0.00565,0.10043,0.0,0.0,0.0,0.0,1.0
31624.0,-0.4395,-0.1145,0.5512,-6.051,-3.903,-5.4,-0.004,-0.006,0.003,0.0,-0.0,0.0,-0.11184,0.00059,0.11031,0.0,0.0,0.0,0.0,1.0
31631.0,-0.4405,-0.1155,0.553,-5.83,-3.735,-5.577,-0.008,-0.004,-0.008,0.0,-0.0,0.0,-0.10872,0.00348,0.10244,0.0,0.0,0.0,0.0,1.0
31638.0,-0.4405,-0.1141,0.5517,-5.888,-3.582,-5.25,-0.002,0.0,-0.008,0.0,-0.0,0.0,-0.11301,0.00502,0.10696,0.0,0.0,0.0,0.0,1.0
31646.0,-0.444,-0.1104,0.5516,-5.879,-3.626,-5.637,-0.007,0.004,0.02,0.0,-0.0,0.0,-0.11063,0.00876,0.10492,0.0,0.0,0.0,0.0,1.0
31653.0,-0.4457,-0.1084,0.5513,-5.829,-3.781,-5.533,0.004,-0.007,0.004,0.0,-0.0,0.0,-0.10791,0.00316,0.10516,0.0,0.0,0.0,0.0,1.0
31660.0,-0.4427,-0.1063,0.5463,-5.629,-3.838,-5.675,-0.007,0.003,0.01,0.0,-0.0,0.0,-0.10384,0.00377,0.10117,0.0,0.0,0.0,0.0,1.0
31667.0,-0.4458,-0.1011,0.5444,-5.813,-3.972,-5.463,-0.003,0.001,0.007,0.0,-0.0,0.0,-0.10777,0.00192,0.10686,0.0,0.0,0.0,0.0,1.0
31675.0,-0.4475,-0.0962,0.5413,-5.913,-4.008,-5.327,-0.002,-0.001,-0.002,0.0,-0.0,0.0,-0.11046,0.00164,0.10832,0.0,0.0,0.0,0.0,1.0
31682.0,-0.4526,-0.0904,0.5408,-5.713,-4.194,-5.34,-0.017,0.001,-0.004,0.0,-0.0,0.0,-0.10875,-0.00168,0.10754,0.0,0.0,0.0,0.0,1.0
31689.0,-0.455,-0.0879,0.5407,-5.719,-4.35,-5.496,-0.001,0.001,-0.006,0.0,-0.0,0.0,-0.10407,-0.00276,0.10584,0.0,0.0,0.0,0.0,1.0
31696.0,-0.4583,-0.0848,0.5409,-5.69,-4.384,-5.702,-0.003,0.008,-0.007,0.0,-0.0,0.0,-0.10248,-0.00011,0.10222,0.0,0.0,0.0,0.0,1.0
31704.0,-0.4613,-0.0839,0.5432,-5.506,-4.597,-5.568,-0.013,-0.002,0.007,0.0,-0.0,0.0,-0.10094,-0.00809,0.10741,0.0,0.0,0.0,0.0,1.0
31711.0,-0.4629,-0.0814,0.5422,-5.151,-4.659,-5.544,-0.002,0.004,-0.0,0.0,-0.0,0.0,-0.09315,-0.01096,0.10369,0.0,0.0,0.0,0.0,1.0
31718.0,-0.4594,-0.0826,0.5398,-5.165,-4.642,-5.441,-0.001,0.002,0.002,0.0,-0.0,0.0,-0.09361,-0.01197,0.1054,0.0,0.0,0.0,0.0,1.0
31725.0,-0.4578,-0.0828,0.5385,-4.995,-4.794,-5.247,0.004,-0.011,-0.005,0.0,-0.0,0.0,-0.08995,-0.0199,0.10705,0.0,0.0,0.0,0.0,1.0
31733.0,-0.4568,-0.087,0.5416,-4.91,-4.698,-5.323,-0.004,-0.004,0.012,0.0,-0.0,0.0,-0.0899,-0.01806,0.10747,0.0,0.0,0.0,0.0,1.0
31740.0,-0.4512,-0.0953,0.5441,-4.619,-4.806,-5.083,0.001,-0.01,-0.007,0.0,-0.0,0.0,-0.08407,-0.02697,0.10727,0.0,0.0,0.0,0.0,1.0
31747.0,-0.4423,-0.1053,0.5449,-4.519,-4.986,-5.004,0.013,-0.003,0.006,0.0,-0.0,0.0,-0.07805,-0.03292,0.11136,0.0,0.0,0.0,0.0,1.0
31755.0,-0.4341,-0.1129,0.5442,-4.468,-4.882,-5.158,-0.01,0.002,-0.002,0.0,-0.0,0.0,-0.07852,-0.0308,0.10604,0.0,0.0,0.0,0.0,1.0
31762.0,-0.4251,-0.1227,0.5448,-4.283,-4.966,-5.154,0.001,0.0,-0.005,0.0,-0.0,0.0,-0.0711,-0.03622,0.10473,0.0,0.0,0.0,0.0,1.0
31769.0,-0.4163,-0.1306,0.5435,-4.396,-4.943,-4.958,0.005,-0.008,0.003,0.0,-0.0,0.0,-0.0726,-0.0396,0.10992,0.0,0.0,0.0,0.0,1.0
31776.0,-0.4087,-0.136,0.5412,-4.425,-4.651,-5.01,-0.003,-0.004,-0.0,0.0,-0.0,0.0,-0.07474,-0.03398,0.10587,0.0,0.0,0.0,0.0,1.0
31784.0,-0.3975,-0.1472,0.5409,-4.389,-4.617,-4.975,-0.006,-0.003,-0.01,0.0,-0.0,0.0,-0.0729,-0.03602,0.10417,0.0,0.0,0.0,0.0,1.0
31791.0,-0.3861,-0.1551,0.5372,-4.218,-4.812,-4.739,-0.001,0.013,0.002,0.0,-0.0,0.0,-0.06749,-0.04224,0.10933,0.0,0.0,0.0,0.0,1.0
31798.0,-0.3752,-0.1621,0.5331,-4.082,-4.871,-4.711,-0.003,-0.001,-0.014,0.0,-0.0,0.0,-0.06289,-0.04825,0.10585,0.0,0.0,0.0,0.0,1.0
31805.0,-0.3632,-0.1724,0.5312,-4.06,-4.733,-4.659,-0.002,0.002,-0.003,0.0,-0.0,0.0,-0.06158,-0.04804,0.10663,0.0,0.0,0.0,0.0,1.0
31813.0,-0.3486,-0.1849,0.5287,-4.2,-5.091,-4.584,-0.007,0.004,0.003,0.0,-0.0,0.0,-0.05948,-0.05635,0.11269,0.0,0.0,0.0,0.0,1.0
31820.0,-0.3394,-0.1962,0.5305,-4.172,-4.927,-4.247,0.0,0.001,0.002,0.0,-0.0,0.0,-0.06051,-0.05931,0.11691,0.0,0.0,0.0,0.0,1.0
31827.0,-0.3315,-0.2064,0.5326,-4.157,-4.902,-4.393,0.003,-0.001,0.005,0.0,-0.0,0.0,-0.05702,-0.06014,0.115,0.0,0.0,0.0,0.0,1.0
31834.0,-0.3209,-0.2214,0.5366,-4.129,-4.695,-4.099,-0.005,-0.011,-0.003,0.0,-0.0,0.0,-0.06004,-0.0638,0.11757,0.0,0.0,0.0,0.0,1.0
31842.0,-0.3165,-0.2309,0.5414,-4.088,-4.419,-3.994,0.006,-0.001,-0.001,0.0,-0.0,0.0,-0.06012,-0.06042,0.11782,0.0,0.0,0.0,0.0,1.0
31849.0,-0.3071,-0.2424,0.5433,-3.925,-4.14,-3.8,-0.002,0.001,-0.012,0.0,-0.0,0.0,-0.06078,-0.0604,0.11596,0.0,0.0,0.0,0.0,1.0
31856.0,-0.2986,-0.2529,0.5449,-3.669,-4.369,-3.511,0.001,-0.005,-0.007,0.0,-0.0,-0.0,-0.05498,-0.07221,0.12,0.0,0.0,0.0,0.0,1.0
31864.0,-0.2901,-0.2624,0.5457,-3.868,-4.054,-3.627,0.0,-0.008,0.003,0.0,-0.0,-0.0,-0.05834,-0.0665,0.12,0.0,0.0,0.0,0.0,1.0
31871.0,-0.2828,-0.2735,0.5492,-3.655,-3.887,-3.372,0.007,0.01,-0.006,0.0,-0.0,-0.0,-0.05602,-0.06674,0.12,0.0,0.0,0.0,0.0,1.0
31878.0,-0.2755,-0.2853,0.5534,-3.924,-3.773,-3.429,-0.008,0.006,0.011,0.0,-0.0,0.0,-0.06196,-0.06499,0.12,0.0,0.0,0.0,0.0,1.0
31885.0,-0.2675,-0.293,0.5529,-3.463,-3.601,-3.429,0.001,-0.009,-0.003,-0.0,-0.0,-0.0,-0.05235,-0.06975,0.11682,0.0,0.0,0.0,0.0,1.0
31893.0,-0.263,-0.3007,0.5559,-3.705,-3.451,-3.019,0.004,0.001,-0.01,-0.0,-0.0,-0.0,-0.06016,-0.06836,0.12,0.0,0.0,0.0,0.0,1.0
31900.0,-0.2552,-0.3094,0.5566,-3.633,-3.338,-2.992,-0.008,0.007,0.0,-0.0,-0.0,-0.0,-0.06055,-0.06797,0.12,0.0,0.0,0.0,0.0,1.0
31907.0,-0.2539,-0.313,0.5588,-3.654,-3.348,-3.174,0.002,0.001,0.006,-0.0,-0.0,0.0,-0.05727,-0.06827,0.12,0.0,0.0,0.0,0.0,1.0
31914.0,-0.2512,-0.3221,0.5649,-3.609,-3.529,-3.354,0.006,0.004,0.01,-0.0,-0.0,0.0,-0.05223,-0.07188,0.12,0.0,0.0,0.0,0.0,1.0
31922.0,-0.2521,-0.3253,0.569,-3.624,-3.469,-3.293,-0.007,0.007,0.007,-0.0,-0.0,0.0,-0.05582,-0.07131,0.12,0.0,0.0,0.0,0.0,1.0
31929.0,-0.2525,-0.3295,0.5734,-3.645,-3.738,-3.216,-0.001,0.01,0.014,-0.0,-0.0,0.0,-0.05379,-0.07708,0.12,0.0,0.0,0.0,0.0,1.0
31936.0,-0.2519,-0.3372,0.5804,-3.891,-3.899,-3.548,-0.001,0.005,-0.005,-0.0,-0.0,0.0,-0.05327,-0.07753,0.12,0.0,0.0,0.0,0.0,1.0
31944.0,-0.2566,-0.342,0.5898,-3.877,-4.046,-3.521,-0.001,0.004,0.009,-0.0,-0.0,0.0,-0.0531,-0.08168,0.12,0.0,0.0,0.0,0.0,1.0
31951.0,-0.2534,-0.3503,0.5947,-4.045,-4.395,-3.956,-0.004,0.002,0.012,0.0,-0.0,0.0,-0.04895,-0.08501,0.12,0.0,0.0,0.0,0.0,1.0
31958.0,-0.2534,-0.3597,0.6038,-4.206,-4.718,-4.105,-0.0,-0.015,0.009,0.0,-0.0,0.0,-0.04684,-0.09292,0.12,0.0,0.0,0.0,0.0,1.0
31965.0,-0.2481,-0.3683,0.6069,-4.417,-4.801,-4.445,-0.002,0.001,0.006,0.0,-0.0,0.0,-0.04594,-0.08912,0.12,0.0,0.0,0.0,0.0,1.0
31973.0,-0.2415,-0.3768,0.6085,-4.479,-4.958,-4.861,-0.007,0.004,-0.005,-0.0,-0.0,0.0,-0.04114,-0.08913,0.12,0.0,0.0,0.0,0.0,1.0
31980.0,-0.2339,-0.3878,0.6117,-4.872,-5.632,-5.274,-0.003,-0.005,0.013,-0.0,-0.0,0.0,-0.0362,-0.09839,0.12,0.0,0.0,0.0,0.0,1.0
31987.0,-0.2242,-0.402,0.6157,-5.133,-5.906,-5.374,0.001,-0.011,-0.006,0.0,-0.0,0.0,-0.03454,-0.10418,0.12,0.0,0.0,0.0,0.0,1.0
31994.0,-0.2151,-0.4141,0.6184,-5.458,-5.922,-5.561,0.001,-0.003,0.001,0.0,-0.0,0.0,-0.0366,-0.10138,0.12,0.0,0.0,0.0,0.0,1.0
32002.0,-0.2038,-0.4293,0.6219,-5.633,-6.057,-5.78,0.0,-0.01,-0.006,0.0,-0.0,0.0,-0.03415,-0.1049,0.12,0.0,0.0,0.0,0.0,1.0
32009.0,-0.193,-0.4428,0.6242,-5.914,-6.211,-6.191,0.005,-0.001,-0.015,0.0,-0.0,0.0,-0.03088,-0.10323,0.12,0.0,0.0,0.0,0.0,1.0
32016.0,-0.1823,-0.4534,0.6239,-6.153,-6.303,-6.282,-0.002,-0.013,-0.006,0.0,-0.0,0.0,-0.0322,-0.10621,0.12,0.0,0.0,0.0,0.0,1.0
32023.0,-0.1675,-0.4669,0.6222,-6.187,-6.21,-6.447,-0.0,-0.009,-0.006,0.0,-0.0,0.0,-0.02885,-0.10507,0.12,0.0,0.0,0.0,0.0,1.0
32031.0,-0.1575,-0.4766,0.6216,-6.3,-5.886,-6.553,0.003,-0.002,-0.013,0.0,-0.0,0.0,-0.03001,-0.09814,0.12,0.0,0.0,0.0,0.0,1.0
32038.0,-0.1496,-0.4856,0.6225,-6.563,-5.616,-6.454,0.004,0.006,-0.006,0.0,-0.0,0.0,-0.036,-0.09251,0.12,0.0,0.0,0.0,0.0,1.0
32045.0,-0.1381,-0.4962,0.6214,-6.916,-5.556,-6.479,-0.003,-0.007,0.001,0.0,-0.0,-0.0,-0.04108,-0.09249,0.12,0.0,0.0,0.0,0.0,1.0
32053.0,-0.1307,-0.5039,0.6215,-6.979,-5.343,-6.523,-0.001,-0.021,-0.003,0.0,-0.0,-0.0,-0.04154,-0.09149,0.12,0.0,0.0,0.0,0.0,1.0
32060.0,-0.1251,-0.51,0.6218,-6.945,-4.679,-6.375,-0.004,-0.001,-0.002,0.0,-0.0,-0.0,-0.04753,-0.07917,0.12,0.0,0.0,0.0,0.0,1.0
32067.0,-0.1207,-0.5161,0.6233,-6.979,-4.673,-6.453,-0.015,-0.002,-0.007,0.0,-0.0,-0.0,-0.04816,-0.07943,0.11976,0.0,0.0,0.0,0.0,1.0
32074.0,-0.1212,-0.5178,0.6255,-7.037,-4.304,-6.341,-0.009,0.005,0.001,-0.0,-0.0,-0.0,-0.05274,-0.07251,0.12,0.0,0.0,0.0,0.0,1.0
32082.0,-0.1244,-0.5144,0.6254,-6.754,-3.851,-6.231,-0.005,0.004,-0.001,-0.0,-0.0,-0.0,-0.05272,-0.06697,0.11572,0.0,0.0,0.0,0.0,1.0
32089.0,-0.1292,-0.5114,0.6273,-7.053,-3.487,-6.297,-0.007,-0.006,-0.002,-0.0,-0.0,-0.0,-0.06155,-0.05832,0.1145,0.0,0.0,0.0,0.0,1.0
32096.0,-0.1326,-0.507,0.6263,-6.926,-3.33,-6.052,0.001,0.013,0.01,-0.0,-0.0,-0.0,-0.06267,-0.05477,0.11778,0.0,0.0,0.0,0.0,1.0
32104.0,-0.1375,-0.498,0.6225,-6.954,-3.124,-6.018,-0.019,0.012,-0.001,-0.0,-0.0,-0.0,-0.06917,-0.04923,0.11452,0.0,0.0,0.0,0.0,1.0
32111.0,-0.1411,-0.4861,0.6145,-6.733,-3.043,-6.109,0.006,0.021,0.016,-0.0,-0.0,0.0,-0.06233,-0.04518,0.1111,0.0,0.0,0.0,0.0,1.0
32118.0,-0.1479,-0.4737,0.6093,-6.777,-2.777,-6.015,0.005,0.018,0.003,-0.0,-0.0,0.0,-0.0676,-0.03857,0.10776,0.0,0.0,0.0,0.0,1.0
32125.0,-0.1533,-0.4592,0.6006,-6.585,-2.575,-5.985,0.017,0.007,-0.004,-0.0,-0.0,0.0,-0.06547,-0.03551,0.10182,0.0,0.0,0.0,0.0,1.0
32133.0,-0.1601,-0.4446,0.5931,-6.705,-2.707,-5.945,0.002,0.009,-0.001,0.0,-0.0,0.0,-0.07041,-0.03375,0.10388,0.0,0.0,0.0,0.0,1.0
32140.0,-0.1671,-0.433,0.5889,-6.761,-2.881,-6.032,-0.002,0.001,0.003,0.0,-0.0,0.0,-0.07108,-0.0346,0.10421,0.0,0.0,0.0,0.0,1.0
32147.0,-0.177,-0.4183,0.5844,-6.626,-3.112,-5.831,-0.0,0.005,-0.004,0.0,-0.0,-0.0,-0.07045,-0.03794,0.10641,0.0,0.0,0.0,0.0,1.0
32154.0,-0.1804,-0.4049,0.5748,-6.795,-3.089,-5.895,0.011,-0.002,-0.0,0.0,-0.0,-0.0,-0.07185,-0.03389,0.10519,0.0,0.0,0.0,0.0,1.0
32162.0,-0.1896,-0.3932,0.5726,-6.994,-3.249,-5.537,0.003,-0.006,-0.001,0.0,-0.0,-0.0,-0.08011,-0.03639,0.11397,0.0,0.0,0.0,0.0,1.0
32169.0,-0.1996,-0.3795,0.5692,-7.044,-3.31,-5.426,-0.005,-0.013,-0.004,0.0,-0.0,-0.0,-0.08469,-0.03624,0.11579,0.0,0.0,0.0,0.0,1.0
32178.0,-0.2139,-0.3663,0.5707,-7.108,-3.226,-5.34,-0.005,-0.002,-0.005,0.0,-0.0,-0.0,-0.09028,-0.0303,0.11735,0.0,0.0,0.0,0.0,1.0
32188.0,-0.2245,-0.3562,0.5715,-7.022,-3.345,-5.2,-0.005,-0.011,0.006,-0.0,-0.0,-0.0,-0.09126,-0.03378,0.12,0.0,0.0,0.0,0.0,1.0
32197.0,-0.2378,-0.3424,0.5712,-7.022,-3.346,-5.2,-0.005,0.004,0.001,-0.0,-0.0,-0.0,-0.09401,-0.02842,0.12,0.0,0.0,0.0,0.0,1.0
32207.0,-0.2515,-0.3348,0.5777,-6.931,-3.31,-4.905,-0.005,0.013,0.004,-0.0,-0.0,-0.0,-0.09835,-0.02809,0.12,0.0,0.0,0.0,0.0,1.0
32216.0,-0.2671,-0.3218,0.5805,-6.626,-3.347,-4.855,-0.005,0.002,0.011,-0.0,-0.0,-0.0,-0.09644,-0.03076,0.12,0.0,0.0,0.0,0.0,1.0
32226.0,-0.2834,-0.3068,0.5823,-6.605,-3.467,-4.544,-0.005,0.002,0.002,-0.0,-0.0,-0.0,-0.10118,-0.03264,0.12,0.0,0.0,0.0,0.0,1.0
32235.0,-0.3059,-0.2928,0.5911,-6.357,-3.635,-4.625,-0.005,-0.01,-0.001,-0.0,-0.0,-0.0,-0.09929,-0.03606,0.12,0.0,0.0,0.0,0.0,1.0
32245.0,-0.3193,-0.2831,0.595,-6.166,-3.648,-4.379,-0.005,-0.0,0.001,-0.0,-0.0,-0.0,-0.10098,-0.03642,0.12,0.0,0.0,0.0,0.0,1.0
32254.0,-0.3367,-0.2722,0.6019,-6.088,-3.793,-4.524,-0.005,0.007,0.005,-0.0,-0.0,0.0,-0.10073,-0.03501,0.12,0.0,0.0,0.0,0.0,1.0
32264.0,-0.3543,-0.2629,0.6104,-5.96,-4.093,-4.564,-0.005,-0.003,0.001,-0.0,-0.0,-0.0,-0.09914,-0.04084,0.12,0.0,0.0,0.0,0.0,1.0
32273.0,-0.368,-0.2531,0.6146,-5.676,-4.095,-4.739,-0.005,-0.006,-0.007,-0.0,-0.0,-0.0,-0.09542,-0.04029,0.12,0.0,0.0,0.0,0.0,1.0
32283.0,-0.3807,-0.2497,0.6239,-5.378,-4.331,-4.802,-0.005,-0.003,-0.002,-0.0,-0.0,-0.0,-0.09041,-0.0454,0.12,0.0,0.0,0.0,0.0,1.0
32292.0,-0.3858,-0.2521,0.6314,-4.91,-4.417,-4.973,-0.005,0.009,0.008,-0.0,-0.0,0.0,-0.08134,-0.04799,0.12,0.0,0.0,0.0,0.0,1.0
32302.0,-0.3892,-0.2569,0.6396,-4.754,-4.337,-4.891,-0.005,-0.021,-0.004,-0.0,-0.0,-0.0,-0.08058,-0.05425,0.12,0.0,0.0,0.0,0.0,1.0
32311.0,-0.3882,-0.2624,0.6438,-4.414,-4.34,-4.806,-0.005,-0.01,-0.009,-0.0,-0.0,-0.0,-0.07536,-0.05739,0.12,0.0,0.0,0.0,0.0,1.0
32321.0,-0.3824,-0.2727,0.6481,-4.223,-4.182,-4.732,-0.005,-0.01,0.011,-0.0,-0.0,-0.0,-0.0731,-0.05898,0.12,0.0,0.0,0.0,0.0,1.0
32330.0,-0.3731,-0.2824,0.6482,-3.606,-3.886,-4.693,-0.005,-0.01,-0.005,-0.0,-0.0,-0.0,-0.06348,-0.06101,0.11838,0.0,0.0,0.0,0.0,1.0
32340.0,-0.3653,-0.2937,0.6514,-3.345,-3.615,-4.592,-0.005,-0.006,-0.006,-0.0,-0.0,-0.0,-0.06071,-0.06092,0.11577,0.0,0.0,0.0,0.0,1.0
32349.0,-0.3521,-0.3008,0.645,-3.402,-3.246,-4.48,-0.005,0.007,-0.007,-0.0,-0.0,-0.0,-0.06322,-0.05401,0.11354,0.0,0.0,0.0,0.0,1.0
32359.0,-0.3353,-0.3101,0.6374,-2.772,-2.596,-4.174,-0.005,0.011,-0.006,-0.0,-0.0,-0.0,-0.05745,-0.05141,0.10606,0.0,0.0,0.0,0.0,1.0
32368.0,-0.3172,-0.3202,0.6292,-2.644,-2.354,-4.016,-0.005,0.009,-0.007,-0.0,-0.0,-0.0,-0.05506,-0.05188,0.10366,0.0,0.0,0.0,0.0,1.0
32378.0,-0.3067,-0.3253,0.6236,-2.631,-2.087,-3.662,-0.005,-0.0,0.003,-0.0,-0.0,-0.0,-0.05821,-0.05267,0.10774,0.0,0.0,0.0,0.0,1.0
32387.0,-0.2948,-0.3312,0.6175,-2.794,-1.954,-3.527,-0.005,0.01,-0.003,-0.0,-0.0,-0.0,-0.06095,-0.04952,0.10813,0.0,0.0,0.0,0.0,1.0
32397.0,-0.2892,-0.3306,0.6112,-3.057,-1.641,-3.471,-0.005,-0.009,0.011,-0.0,-0.0,-0.0,-0.06742,-0.04509,0.10987,0.0,0.0,0.0,0.0,1.0
32406.0,-0.2741,-0.3333,0.5988,-2.935,-1.467,-3.556,-0.005,0.004,0.001,-0.0,-0.0,-0.0,-0.06297,-0.04068,0.10161,0.0,0.0,0.0,0.0,1.0
32416.0,-0.2664,-0.3339,0.5916,-3.039,-1.618,-3.618,-0.005,-0.008,0.009,-0.0,-0.0,-0.0,-0.06128,-0.04404,0.10254,0.0,0.0,0.0,0.0,1.0
32425.0,-0.2597,-0.3331,0.5842,-3.498,-1.663,-3.748,-0.005,-0.01,0.003,-0.0,-0.0,0.0,-0.0661,-0.04011,0.10244,0.0,0.0,0.0,0.0,1.0
32435.0,-0.2556,-0.3265,0.5737,-3.782,-1.315,-3.918,-0.005,0.007,0.004,-0.0,-0.0,0.0,-0.0716,-0.02597,0.09711,0.0,0.0,0.0,0.0,1.0
32444.0,-0.2486,-0.3255,0.5656,-3.877,-1.768,-4.11,-0.005,-0.004,0.005,-0.0,-0.0,0.0,-0.06608,-0.03333,0.09703,0.0,0.0,0.0,0.0,1.0
32453.0,-0.2446,-0.3216,0.5578,-4.131,-1.714,-4.227,-0.005,-0.012,-0.007,-0.0,-0.0,0.0,-0.06884,-0.02952,0.09346,0.0,0.0,0.0,0.0,1.0
32463.0,-0.2444,-0.3154,0.5517,-4.42,-1.781,-4.293,-0.005,-0.008,0.001,-0.0,-0.0,0.0,-0.07261,-0.02598,0.0956,0.0,0.0,0.0,0.0,1.0
32472.0,-0.2479,-0.3059,0.5458,-4.845,-1.748,-4.431,-0.005,0.002,-0.013,-0.0,-0.0,-0.0,-0.07953,-0.01696,0.09331,0.0,0.0,0.0,0.0,1.0
32482.0,-0.249,-0.2978,0.539,-4.8,-2.016,-4.525,-0.005,-0.005,-0.007,-0.0,-0.0,-0.0,-0.07584,-0.02079,0.09312,0.0,0.0,0.0,0.0,1.0
32491.0,-0.2518,-0.2893,0.5336,-5.31,-1.949,-4.717,-0.005,-0.003,-0.012,-0.0,-0.0,-0.0,-0.08387,-0.0117,0.09217,0.0,0.0,0.0,0.0,1.0
32503.0,-0.2616,-0.2704,0.525,-5.767,-2.537,-5.046,-0.005,0.003,-0.012,-0.0,-0.0,-0.0,-0.08564,-0.01079,0.09397,0.0,0.0,0.0,0.0,1.0
32515.0,-0.2681,-0.2533,0.5148,-6.034,-3.052,-5.216,-0.005,-0.007,-0.012,-0.0,-0.0,-0.0,-0.08546,-0.01457,0.09587,0.0,0.0,0.0,0.0,1.0
32526.0,-0.2755,-0.2434,0.5127,-6.614,-3.401,-5.132,-0.005,0.006,-0.012,-0.0,-0.0,-0.0,-0.0947,-0.01262,0.10508,0.0,0.0,0.0,0.0,1.0
32538.0,-0.2852,-0.2281,0.5074,-6.725,-3.662,-5.394,-0.005,-0.012,-0.012,-0.0,-0.0,-0.0,-0.09381,-0.01387,0.1029,0.0,0.0,0.0,0.0,1.0
32551.0,-0.2988,-0.2171,0.5103,-7.027,-4.127,-5.685,-0.005,-0.0,-0.012,-0.0,-0.0,-0.0,-0.09519,-0.01312,0.10521,0.0,0.0,0.0,0.0,1.0
32565.0,-0.3111,-0.2113,0.5169,-7.437,-4.499,-5.537,-0.005,-0.0,-0.012,-0.0,-0.0,-0.0,-0.10284,-0.01647,0.11603,0.0,0.0,0.0,0.0,1.0
32579.0,-0.3222,-0.2035,0.5205,-7.794,-4.835,-6.218,-0.005,-0.0,-0.012,-0.0,-0.0,-0.0,-0.10213,-0.01223,0.11129,0.0,0.0,0.0,0.0,1.0
32593.0,-0.3431,-0.1989,0.5369,-7.956,-5.202,-6.323,-0.005,-0.0,-0.012,-0.0,-0.0,-0.0,-0.10507,-0.01568,0.11749,0.0,0.0,0.0,0.0,1.0
32606.0,-0.3685,-0.1912,0.5547,-8.139,-5.664,-6.524,-0.005,-0.0,-0.012,-0.0,-0.0,-0.0,-0.10762,-0.01923,0.12,0.0,0.0,0.0,0.0,1.0
32620.0,-0.385,-0.1853,0.5655,-8.195,-5.623,-6.826,-0.005,-0.0,-0.012,-0.0,-0.0,-0.0,-0.10955,-0.01425,0.12,0.0,0.0,0.0,0.0,1.0
32634.0,-0.3935,-0.1824,0.5713,-8.007,-6.078,-7.193,-0.005,-0.0,-0.012,-0.0,-0.0,-0.0,-0.10086,-0.02041,0.1177,0.0,0.0,0.0,0.0,1.0
32648.0,-0.407,-0.1787,0.5811,-7.993,-6.182,-7.209,-0.005,-0.0,-0.012,-0.0,-0.0,-0.0,-0.10236,-0.0215,0.12,0.0,0.0,0.0,0.0,1.0
32662.0,-0.4165,-0.179,0.5909,-8.304,-6.474,-7.24,-0.005,-0.0,-0.012,-0.0,-0.0,-0.0,-0.10682,-0.02399,0.12,0.0,0.0,0.0,0.0,1.0
32676.0,-0.427,-0.1799,0.6023,-8.035,-6.332,-7.441,-0.005,-0.0,-0.012,-0.0,-0.0,-0.0,-0.10377,-0.02219,0.12,0.0,0.0,0.0,0.0,1.0
32690.0,-0.4301,-0.1838,0.6092,-7.785,-6.502,-7.521,-0.005,-0.0,-0.012,-0.0,-0.0,-0.0,-0.09799,-0.0275,0.12,0.0,0.0,0.0,0.0,1.0
32704.0,-0.4277,-0.1907,0.6135,-7.544,-6.283,-7.558,-0.005,-0.0,-0.012,-0.0,-0.0,-0.0,-0.09494,-0.02667,0.11768,0.0,0.0,0.0,0.0,1.0
32717.0,-0.4175,-0.1987,0.6111,-6.976,-5.92,-7.538,-0.005,-0.0,-0.012,-0.0,-0.0,-0.0,-0.08649,-0.02669,0.10924,0.0,0.0,0.0,0.0,1.0
32731.0,-0.4111,-0.2046,0.6104,-6.984,-5.62,-7.407,-0.005,-0.0,-0.012,-0.0,-0.0,-0.0,-0.08906,-0.0235,0.10881,0.0,0.0,0.0,0.0,1.0
32745.0,-0.4034,-0.209,0.607,-6.305,-5.081,-7.039,-0.005,-0.0,-0.012,-0.0,-0.0,-0.0,-0.0839,-0.02345,0.10362,0.0,0.0,0.0,0.0,1.0
32759.0,-0.3956,-0.2075,0.5979,-6.127,-4.734,-7.035,-0.005,-0.0,-0.012,-0.0,-0.0,-0.0,-0.08229,-0.01837,0.09721,0.0,0.0,0.0,0.0,1.0
32773.0,-0.3876,-0.2023,0.5847,-6.044,-4.268,-6.74,-0.005,-0.0,-0.012,-0.0,-0.0,-0.0,-0.08587,-0.01201,0.09481,0.0,0.0,0.0,0.0,1.0
32787.0,-0.3813,-0.1946,0.5709,-5.597,-4.38,-6.334,-0.005,-0.0,-0.012,-0.0,-0.0,-0.0,-0.0797,-0.01961,0.0958,0.0,0.0,0.0,0.0,1.0
32801.0,-0.3671,-0.1912,0.5533,-5.759,-4.16,-6.286,-0.005,-0.0,-0.012,-0.0,-0.0,-0.0,-0.08183,-0.01395,0.09259,0.0,0.0,0.0,0.0,1.0
